{
    "Data Summary": {
        "Rank": {
            "count": 91.0,
            "unique": NaN,
            "top": NaN,
            "freq": NaN,
            "mean": 45.30769230769231,
            "std": 25.652243699871683,
            "min": 1.0,
            "25%": 23.5,
            "50%": 44.0,
            "75%": 68.0,
            "max": 84.0
        },
        "Country": {
            "count": 91,
            "unique": 91,
            "top": "Zambia",
            "freq": 1,
            "mean": NaN,
            "std": NaN,
            "min": NaN,
            "25%": NaN,
            "50%": NaN,
            "75%": NaN,
            "max": NaN
        },
        "Country Code": {
            "count": 91,
            "unique": 91,
            "top": "ZAM",
            "freq": 1,
            "mean": NaN,
            "std": NaN,
            "min": NaN,
            "25%": NaN,
            "50%": NaN,
            "75%": NaN,
            "max": NaN
        },
        "Gold": {
            "count": 91.0,
            "unique": NaN,
            "top": NaN,
            "freq": NaN,
            "mean": 3.6043956043956045,
            "std": 6.99027756701981,
            "min": 0.0,
            "25%": 0.0,
            "50%": 1.0,
            "75%": 3.0,
            "max": 40.0
        },
        "Silver": {
            "count": 91.0,
            "unique": NaN,
            "top": NaN,
            "freq": NaN,
            "mean": 3.5934065934065935,
            "std": 6.770816497584024,
            "min": 0.0,
            "25%": 0.0,
            "50%": 1.0,
            "75%": 3.0,
            "max": 44.0
        },
        "Bronze": {
            "count": 91.0,
            "unique": NaN,
            "top": NaN,
            "freq": NaN,
            "mean": 4.21978021978022,
            "std": 6.558797650318745,
            "min": 0.0,
            "25%": 1.0,
            "50%": 2.0,
            "75%": 5.0,
            "max": 42.0
        },
        "Total": {
            "count": 91.0,
            "unique": NaN,
            "top": NaN,
            "freq": NaN,
            "mean": 11.417582417582418,
            "std": 19.702828862918768,
            "min": 1.0,
            "25%": 2.0,
            "50%": 5.0,
            "75%": 9.0,
            "max": 126.0
        }
    },
    "Correlation Matrix": {
        "Rank": {
            "Rank": 1.0,
            "Gold": -0.6565631580454379,
            "Silver": -0.579819153602634,
            "Bronze": -0.5861823289666372,
            "Total": -0.6273240849689017,
            "Country_encoded": 0.11562689443621517,
            "Country Code_encoded": 0.08325595561660255
        },
        "Gold": {
            "Rank": -0.6565631580454379,
            "Gold": 1.0,
            "Silver": 0.910949580602071,
            "Bronze": 0.8806701044363455,
            "Total": 0.9609933253364161,
            "Country_encoded": -0.016187931682495063,
            "Country Code_encoded": -0.023770382953849516
        },
        "Silver": {
            "Rank": -0.579819153602634,
            "Gold": 0.910949580602071,
            "Silver": 1.0,
            "Bronze": 0.9400450191907697,
            "Total": 0.9797665154035812,
            "Country_encoded": -0.0008076734601007467,
            "Country Code_encoded": -0.009692081521209503
        },
        "Bronze": {
            "Rank": -0.5861823289666372,
            "Gold": 0.8806701044363455,
            "Silver": 0.9400450191907697,
            "Bronze": 1.0,
            "Total": 0.9683786314371512,
            "Country_encoded": -0.020267321369634293,
            "Country Code_encoded": -0.01186536219424783
        },
        "Total": {
            "Rank": -0.6273240849689017,
            "Gold": 0.9609933253364161,
            "Silver": 0.9797665154035812,
            "Bronze": 0.9683786314371512,
            "Total": 1.0,
            "Country_encoded": -0.012767506940881624,
            "Country Code_encoded": -0.015713854696469572
        },
        "Country_encoded": {
            "Rank": 0.11562689443621517,
            "Gold": -0.016187931682495063,
            "Silver": -0.0008076734601007467,
            "Bronze": -0.020267321369634293,
            "Total": -0.012767506940881624,
            "Country_encoded": 1.0,
            "Country Code_encoded": 0.9301321866539254
        },
        "Country Code_encoded": {
            "Rank": 0.08325595561660255,
            "Gold": -0.023770382953849516,
            "Silver": -0.009692081521209503,
            "Bronze": -0.01186536219424783,
            "Total": -0.015713854696469572,
            "Country_encoded": 0.9301321866539254,
            "Country Code_encoded": 1.0
        }
    },
    "Regression Analysis for Rank": {
        "Coefficients": [
            -2.056098232338507,
            1.6323666179852279,
            -0.18270806923030233,
            -0.6064396835835816
        ],
        "Intercept": 54.547989735754264,
        "R-squared": 0.4376318042275027
    },
    "Value counts for Country": {
        "Zambia": 1,
        "United States": 1,
        "China": 1,
        "Jordan": 1,
        "Mongolia": 1,
        "Panama": 1,
        "Tajikistan": 1,
        "Albania": 1,
        "Grenada": 1,
        "Malaysia": 1,
        "Puerto Rico": 1,
        "Canada": 1,
        "Uzbekistan": 1,
        "Hungary": 1,
        "Spain": 1,
        "Sweden": 1,
        "Kenya": 1,
        "Norway": 1,
        "Ireland": 1,
        "Brazil": 1,
        "Iran": 1,
        "Ukraine": 1,
        "Romania": 1,
        "Georgia": 1,
        "Belgium": 1,
        "Bulgaria": 1,
        "Serbia": 1,
        "Czech Republic": 1,
        "Denmark": 1,
        "Azerbaijan": 1,
        "Croatia": 1,
        "Cuba": 1,
        "Bahrain": 1,
        "Slovenia": 1,
        "Chinese Taipei": 1,
        "Austria": 1,
        "Hong Kong": 1,
        "Philippines": 1,
        "Algeria": 1,
        "Indonesia": 1,
        "Israel": 1,
        "Poland": 1,
        "Kazakhstan": 1,
        "Jamaica": 1,
        "South Africa": 1,
        "Thailand": 1,
        "Ethiopia": 1,
        "Switzerland": 1,
        "Ecuador": 1,
        "Portugal": 1,
        "Greece": 1,
        "Argentina": 1,
        "Egypt": 1,
        "Tunisia": 1,
        "Botswana": 1,
        "Chile": 1,
        "St Lucia": 1,
        "Uganda": 1,
        "Dominican Republic": 1,
        "Guatemala": 1,
        "Morocco": 1,
        "Dominica": 1,
        "Pakistan": 1,
        "Turkey": 1,
        "Mexico": 1,
        "Armenia": 1,
        "Colombia": 1,
        "North Korea": 1,
        "Kyrgyzstan": 1,
        "Lithuania": 1,
        "India": 1,
        "Moldova": 1,
        "Kosovo": 1,
        "Cyprus": 1,
        "Fiji": 1,
        "Cape Verde": 1,
        "Ivory Coast": 1,
        "Refugee Olympic Team": 1,
        "Peru": 1,
        "Qatar": 1,
        "Singapore": 1,
        "Slovakia": 1,
        "Japan": 1,
        "Australia": 1,
        "France": 1,
        "Netherlands": 1,
        "Great Britain": 1,
        "South Korea": 1,
        "Italy": 1,
        "Germany": 1,
        "New Zealand": 1
    },
    "Value counts for Country Code": {
        "ZAM": 1,
        "US": 1,
        "CHN": 1,
        "JOR": 1,
        "MGL": 1,
        "PAN": 1,
        "TJK": 1,
        "ALB": 1,
        "GRN": 1,
        "MAS": 1,
        "PUR": 1,
        "CAN": 1,
        "UZB": 1,
        "HUN": 1,
        "SPA": 1,
        "SWE": 1,
        "KEN": 1,
        "NOR": 1,
        "IRE": 1,
        "BRZ": 1,
        "IRN": 1,
        "UKR": 1,
        "ROM": 1,
        "GEO": 1,
        "BEL": 1,
        "BUL": 1,
        "SER": 1,
        "CZE": 1,
        "DEN": 1,
        "AZE": 1,
        "CRO": 1,
        "CUB": 1,
        "BHR": 1,
        "SLO": 1,
        "TPE": 1,
        "AUT": 1,
        "HK": 1,
        "PHI": 1,
        "ALG": 1,
        "IDN": 1,
        "ISR": 1,
        "POL": 1,
        "KAZ": 1,
        "JAM": 1,
        "SA": 1,
        "THA": 1,
        "ETH": 1,